{"cameraMode":{"drawMode":0,"name":"Shaded","section":"Shading Mode"},"sceneLighting":false,"audioPlay":false,"sceneViewState":{"showFog":false,"showMaterialUpdate":false,"showSkybox":false,"showFlares":false,"showImageEffects":false,"showParticleSystems":false},"in2DMode":false,"pivot":{"x":617.3223876953125,"y":286.459716796875,"z":40.084716796875},"rotation":{"x":-0.010185462422668934,"y":0.03148936852812767,"z":0.00030488104675896466,"w":0.9994775056838989},"size":957.9761352539063,"orthographic":false}